{"stats":{"minecraft:picked_up":{"minecraft:iron_leggings":1,"minecraft:iron_ingot":1,"minecraft:oak_log":4,"minecraft:oak_planks":8},"minecraft:mined":{"minecraft:short_grass":2,"minecraft:grass_block":1,"minecraft:tall_grass":2,"minecraft:oak_log":4},"minecraft:killed_by":{"minecraft:zombie":1,"minecraft:iron_golem":1},"minecraft:custom":{"minecraft:open_chest":2,"minecraft:time_since_rest":863,"minecraft:crouch_one_cm":573,"minecraft:sprint_one_cm":47272,"minecraft:play_time":15323,"minecraft:deaths":2,"minecraft:damage_taken":483,"minecraft:walk_one_cm":46478,"minecraft:sneak_time":519,"minecraft:walk_under_water_one_cm":1416,"minecraft:drop":4,"minecraft:jump":124,"minecraft:damage_dealt":20,"minecraft:leave_game":2,"minecraft:time_since_death":817,"minecraft:walk_on_water_one_cm":264,"minecraft:total_world_time":15323,"minecraft:swim_one_cm":1804,"minecraft:fall_one_cm":2282,"minecraft:fly_one_cm":6337},"minecraft:crafted":{"minecraft:oak_planks":8},"minecraft:used":{"minecraft:torch":3,"minecraft:oak_planks":3,"minecraft:leather_chestplate":11,"minecraft:cooked_beef":1,"minecraft:stone_axe":4,"minecraft:iron_chestplate":11},"minecraft:dropped":{"minecraft:iron_ingot":1,"minecraft:iron_leggings":1,"minecraft:oak_planks":8}},"DataVersion":3953}