{"stats":{"minecraft:mined":{"minecraft:short_grass":1,"minecraft:tall_grass":2,"minecraft:grass_block":1},"minecraft:killed_by":{"minecraft:zombie":1},"minecraft:custom":{"minecraft:jump":67,"minecraft:time_since_rest":8111,"minecraft:walk_on_water_one_cm":264,"minecraft:crouch_one_cm":222,"minecraft:damage_taken":250,"minecraft:play_time":9243,"minecraft:leave_game":1,"minecraft:sprint_one_cm":35719,"minecraft:walk_one_cm":28145,"minecraft:time_since_death":7727,"minecraft:deaths":1,"minecraft:sneak_time":295,"minecraft:total_world_time":9243,"minecraft:walk_under_water_one_cm":1416,"minecraft:swim_one_cm":1804,"minecraft:fall_one_cm":627,"minecraft:fly_one_cm":2749},"minecraft:used":{"minecraft:cooked_beef":1}},"DataVersion":3953}