{"stats":{"minecraft:killed":{"minecraft:sheep":3},"minecraft:picked_up":{"minecraft:raw_iron":16,"minecraft:gravel":12,"minecraft:flint":2,"minecraft:oak_log":18,"minecraft:diorite":9,"minecraft:dirt":31,"minecraft:raw_copper":3,"minecraft:wheat_seeds":2,"minecraft:oak_sapling":2,"minecraft:birch_sapling":1,"minecraft:mutton":3,"minecraft:coal":20,"minecraft:white_wool":2,"minecraft:cobblestone":106},"minecraft:used":{"minecraft:stone_pickaxe":159,"minecraft:birch_sapling":1,"minecraft:wooden_pickaxe":25,"minecraft:torch":1,"minecraft:dirt":17,"minecraft:crafting_table":1,"minecraft:furnace":1,"minecraft:oak_sapling":2},"minecraft:custom":{"minecraft:time_since_rest":19668,"minecraft:interact_with_furnace":2,"minecraft:sprint_one_cm":42748,"minecraft:damage_taken":530,"minecraft:walk_one_cm":29064,"minecraft:mob_kills":3,"minecraft:damage_dealt":297,"minecraft:swim_one_cm":4720,"minecraft:interact_with_crafting_table":5,"minecraft:fly_one_cm":56129,"minecraft:crouch_one_cm":10607,"minecraft:play_time":22422,"minecraft:deaths":2,"minecraft:sneak_time":6308,"minecraft:walk_under_water_one_cm":539,"minecraft:jump":283,"minecraft:walk_on_water_one_cm":455,"minecraft:time_since_death":19631,"minecraft:total_world_time":22422,"minecraft:fall_one_cm":7201},"minecraft:mined":{"minecraft:iron_ore":17,"minecraft:birch_leaves":2,"minecraft:dandelion":1,"minecraft:short_grass":9,"minecraft:oak_log":18,"minecraft:grass_block":5,"minecraft:coal_ore":20,"minecraft:gravel":14,"minecraft:dirt":26,"minecraft:copper_ore":1,"minecraft:tall_grass":4,"minecraft:stone":106,"minecraft:diorite":9,"minecraft:oak_leaves":4},"minecraft:crafted":{"minecraft:oak_planks":72,"minecraft:crafting_table":1,"minecraft:stick":12,"minecraft:wooden_pickaxe":1,"minecraft:stone_pickaxe":2,"minecraft:furnace":1,"minecraft:torch":8},"minecraft:killed_by":{"minecraft:skeleton":1,"minecraft:zombie":1}},"DataVersion":3953}