{"stats":{"minecraft:killed":{"minecraft:sheep":3,"minecraft:zombie":2},"minecraft:picked_up":{"minecraft:crafting_table":3,"minecraft:raw_iron":37,"minecraft:wooden_pickaxe":1,"minecraft:gravel":12,"minecraft:flint":2,"minecraft:oak_log":18,"minecraft:diorite":9,"minecraft:dirt":33,"minecraft:raw_copper":3,"minecraft:wheat_seeds":2,"minecraft:iron_ingot":4,"minecraft:stone_pickaxe":2,"minecraft:oak_sapling":2,"minecraft:birch_sapling":1,"minecraft:mutton":3,"minecraft:coal":41,"minecraft:white_wool":2,"minecraft:cobblestone":119,"minecraft:furnace":2},"minecraft:used":{"minecraft:cooked_mutton":3,"minecraft:stone_pickaxe":188,"minecraft:birch_sapling":1,"minecraft:iron_pickaxe":11,"minecraft:wooden_pickaxe":25,"minecraft:iron_sword":18,"minecraft:torch":3,"minecraft:dirt":17,"minecraft:cobblestone":2,"minecraft:crafting_table":3,"minecraft:furnace":2,"minecraft:oak_sapling":2},"minecraft:custom":{"minecraft:time_since_rest":30841,"minecraft:interact_with_furnace":14,"minecraft:sprint_one_cm":57833,"minecraft:damage_taken":584,"minecraft:walk_one_cm":43294,"minecraft:mob_kills":5,"minecraft:drop":3,"minecraft:damage_dealt":452,"minecraft:swim_one_cm":4720,"minecraft:interact_with_crafting_table":10,"minecraft:fly_one_cm":65199,"minecraft:crouch_one_cm":13257,"minecraft:play_time":33595,"minecraft:deaths":2,"minecraft:sneak_time":7864,"minecraft:walk_under_water_one_cm":539,"minecraft:jump":404,"minecraft:leave_game":1,"minecraft:walk_on_water_one_cm":1711,"minecraft:time_since_death":30804,"minecraft:total_world_time":33595,"minecraft:fall_one_cm":8848},"minecraft:dropped":{"minecraft:wooden_pickaxe":1,"minecraft:stone_pickaxe":2},"minecraft:mined":{"minecraft:furnace":2,"minecraft:iron_ore":37,"minecraft:birch_leaves":2,"minecraft:dandelion":1,"minecraft:crafting_table":3,"minecraft:short_grass":9,"minecraft:oak_log":18,"minecraft:grass_block":6,"minecraft:coal_ore":20,"minecraft:gravel":14,"minecraft:dirt":27,"minecraft:copper_ore":1,"minecraft:tall_grass":4,"minecraft:stone":119,"minecraft:diorite":9,"minecraft:oak_leaves":5},"minecraft:crafted":{"minecraft:oak_planks":72,"minecraft:iron_boots":1,"minecraft:iron_chestplate":1,"minecraft:shield":1,"minecraft:crafting_table":1,"minecraft:stick":12,"minecraft:iron_pickaxe":1,"minecraft:iron_ingot":27,"minecraft:wooden_pickaxe":1,"minecraft:iron_helmet":1,"minecraft:stone_pickaxe":2,"minecraft:iron_sword":1,"minecraft:iron_leggings":1,"minecraft:furnace":1,"minecraft:torch":8,"minecraft:cooked_mutton":3,"minecraft:air":0},"minecraft:killed_by":{"minecraft:skeleton":1,"minecraft:zombie":1}},"DataVersion":3953}