{"stats":{"minecraft:mined":{"minecraft:short_grass":9,"minecraft:grass_block":5,"minecraft:oak_log":18,"minecraft:dirt":7,"minecraft:tall_grass":4,"minecraft:birch_leaves":2,"minecraft:dandelion":1,"minecraft:oak_leaves":4},"minecraft:killed_by":{"minecraft:skeleton":1,"minecraft:zombie":1},"minecraft:used":{"minecraft:oak_sapling":2,"minecraft:birch_sapling":1},"minecraft:picked_up":{"minecraft:wheat_seeds":2,"minecraft:oak_log":18,"minecraft:oak_sapling":2,"minecraft:birch_sapling":1,"minecraft:mutton":3,"minecraft:dirt":12,"minecraft:white_wool":2},"minecraft:custom":{"minecraft:time_since_rest":8174,"minecraft:crouch_one_cm":1569,"minecraft:walk_one_cm":16548,"minecraft:play_time":10928,"minecraft:sprint_one_cm":38757,"minecraft:damage_taken":530,"minecraft:deaths":2,"minecraft:sneak_time":948,"minecraft:walk_under_water_one_cm":539,"minecraft:mob_kills":3,"minecraft:jump":220,"minecraft:damage_dealt":297,"minecraft:walk_on_water_one_cm":455,"minecraft:time_since_death":8137,"minecraft:total_world_time":10928,"minecraft:swim_one_cm":4720,"minecraft:fall_one_cm":6514,"minecraft:fly_one_cm":55059},"minecraft:killed":{"minecraft:sheep":3}},"DataVersion":3953}