{"stats":{"minecraft:mined":{"minecraft:red_bed":1,"minecraft:iron_ore":32,"minecraft:andesite":2,"minecraft:torch":1,"minecraft:short_grass":6,"minecraft:coal_ore":9,"minecraft:grass_block":9,"minecraft:oak_log":37,"minecraft:dirt":15,"minecraft:cobblestone":1,"minecraft:stone":44,"minecraft:sugar_cane":9,"minecraft:wall_torch":1,"minecraft:oak_leaves":7,"minecraft:deepslate":4},"minecraft:dropped":{"minecraft:wheat_seeds":1,"minecraft:cooked_chicken":10,"minecraft:cooked_beef":4,"minecraft:andesite":1,"minecraft:rotten_flesh":2},"minecraft:used":{"minecraft:stone_sword":14,"minecraft:stone_pickaxe":98,"minecraft:bread":11,"minecraft:shield":1,"minecraft:torch":4,"minecraft:stone_axe":56,"minecraft:dirt":32,"minecraft:cobblestone":19,"minecraft:red_bed":1,"minecraft:andesite":1,"minecraft:cooked_beef":1},"minecraft:picked_up":{"minecraft:raw_iron":30,"minecraft:andesite":2,"minecraft:leather":8,"minecraft:torch":3,"minecraft:porkchop":10,"minecraft:oak_log":37,"minecraft:dirt":33,"minecraft:red_bed":1,"minecraft:rotten_flesh":4,"minecraft:wheat_seeds":1,"minecraft:cobbled_deepslate":4,"minecraft:beef":13,"minecraft:cooked_chicken":5,"minecraft:sugar_cane":20,"minecraft:coal":8,"minecraft:cobblestone":46},"minecraft:custom":{"minecraft:time_since_rest":13931,"minecraft:sprint_one_cm":73564,"minecraft:damage_taken":721,"minecraft:walk_one_cm":51648,"minecraft:damage_blocked_by_shield":101,"minecraft:mob_kills":16,"minecraft:drop":7,"minecraft:damage_dealt":1521,"minecraft:swim_one_cm":1499,"minecraft:fly_one_cm":95218,"minecraft:crouch_one_cm":3941,"minecraft:play_time":53795,"minecraft:sneak_time":1363,"minecraft:walk_under_water_one_cm":2600,"minecraft:jump":408,"minecraft:leave_game":8,"minecraft:walk_on_water_one_cm":4478,"minecraft:time_since_death":53795,"minecraft:sleep_in_bed":1,"minecraft:total_world_time":53795,"minecraft:fall_one_cm":13930},"minecraft:killed":{"minecraft:zombie":3,"minecraft:pig":5,"minecraft:cow":8}},"DataVersion":3953}