{"stats":{"minecraft:mined":{"minecraft:short_grass":5,"minecraft:grass_block":8,"minecraft:red_bed":1,"minecraft:dirt":14,"minecraft:iron_ore":2,"minecraft:stone":18},"minecraft:dropped":{"minecraft:rotten_flesh":2,"minecraft:cooked_beef":4,"minecraft:cooked_chicken":10},"minecraft:used":{"minecraft:stone_sword":14,"minecraft:dirt":17,"minecraft:red_bed":1,"minecraft:bread":5,"minecraft:stone_pickaxe":25,"minecraft:shield":1,"minecraft:cooked_beef":1},"minecraft:picked_up":{"minecraft:raw_iron":2,"minecraft:rotten_flesh":4,"minecraft:leather":6,"minecraft:beef":6,"minecraft:cooked_chicken":5,"minecraft:red_bed":1,"minecraft:dirt":31,"minecraft:cobblestone":19},"minecraft:custom":{"minecraft:time_since_rest":1931,"minecraft:crouch_one_cm":927,"minecraft:play_time":41795,"minecraft:sprint_one_cm":40678,"minecraft:damage_taken":411,"minecraft:walk_one_cm":32631,"minecraft:sneak_time":181,"minecraft:damage_blocked_by_shield":101,"minecraft:mob_kills":7,"minecraft:drop":5,"minecraft:jump":204,"minecraft:damage_dealt":621,"minecraft:leave_game":8,"minecraft:time_since_death":41795,"minecraft:sleep_in_bed":1,"minecraft:total_world_time":41795,"minecraft:fall_one_cm":3796,"minecraft:fly_one_cm":57656},"minecraft:killed":{"minecraft:zombie":3,"minecraft:cow":4}},"DataVersion":3953}