{"stats":{"minecraft:broken":{"minecraft:iron_pickaxe":2},"minecraft:used":{"minecraft:stone_sword":14,"minecraft:chest":2,"minecraft:shield":7,"minecraft:torch":27,"minecraft:dirt":47,"minecraft:granite":6,"minecraft:iron_axe":87,"minecraft:iron_boots":2,"minecraft:bow":3,"minecraft:oak_sapling":1,"minecraft:furnace":3,"minecraft:cooked_beef":1,"minecraft:cobbled_deepslate":74,"minecraft:water_bucket":4,"minecraft:diorite":17,"minecraft:stone_pickaxe":100,"minecraft:diamond_axe":81,"minecraft:crafting_table":4,"minecraft:red_bed":4,"minecraft:diamond_pickaxe":141,"minecraft:bread":50,"minecraft:iron_pickaxe":509,"minecraft:stone_axe":56,"minecraft:cobblestone":97,"minecraft:cooked_porkchop":15,"minecraft:andesite":17,"minecraft:bucket":5},"minecraft:picked_up":{"minecraft:crafting_table":2,"minecraft:iron_chestplate":1,"minecraft:shield":1,"minecraft:red_bed":5,"minecraft:iron_axe":1,"minecraft:iron_leggings":1,"minecraft:cobbled_deepslate":154,"minecraft:beef":13,"minecraft:poppy":1,"minecraft:iron_pickaxe":1,"minecraft:sugar_cane":50,"minecraft:furnace":4,"minecraft:raw_iron":107,"minecraft:stick":28,"minecraft:torch":81,"minecraft:porkchop":36,"minecraft:diorite":17,"minecraft:redstone":45,"minecraft:arrow":14,"minecraft:rotten_flesh":33,"minecraft:hay_block":44,"minecraft:pink_tulip":2,"minecraft:obsidian":8,"minecraft:cobblestone":189,"minecraft:cooked_beef":13,"minecraft:glow_ink_sac":6,"minecraft:andesite":20,"minecraft:leather":16,"minecraft:smoker":1,"minecraft:flint":1,"minecraft:tuff":3,"minecraft:oak_log":41,"minecraft:lapis_lazuli":146,"minecraft:dirt":50,"minecraft:bone":14,"minecraft:bow":1,"minecraft:wheat_seeds":8,"minecraft:raw_gold":19,"minecraft:iron_ingot":15,"minecraft:grindstone":1,"minecraft:cooked_chicken":5,"minecraft:fletching_table":1,"minecraft:oak_planks":150,"minecraft:book":9,"minecraft:cooked_porkchop":10,"minecraft:blast_furnace":1,"minecraft:lily_of_the_valley":1,"minecraft:leather_helmet":1,"minecraft:diamond":34,"minecraft:iron_helmet":1,"minecraft:granite":7,"minecraft:bread":18,"minecraft:oak_sapling":1,"minecraft:coal":91},"minecraft:killed":{"minecraft:skeleton":15,"minecraft:pig":18,"minecraft:zombie":26,"minecraft:villager":2,"minecraft:enderman":1,"minecraft:cow":8},"minecraft:crafted":{"minecraft:oak_planks":164,"minecraft:furnace":1,"minecraft:diamond_block":1,"minecraft:diamond":9,"minecraft:iron_boots":2,"minecraft:iron_axe":1,"minecraft:chest":2,"minecraft:wheat":396,"minecraft:cooked_beef":13,"minecraft:cooked_porkchop":36,"minecraft:diamond_axe":1,"minecraft:crafting_table":2,"minecraft:iron_helmet":1,"minecraft:bucket":1,"minecraft:bread":64,"minecraft:iron_chestplate":1,"minecraft:diamond_pickaxe":1,"minecraft:stick":32,"minecraft:iron_ingot":30,"minecraft:iron_pickaxe":2,"minecraft:iron_leggings":1,"minecraft:lapis_block":7},"minecraft:mined":{"minecraft:tuff":1,"minecraft:deepslate_diamond_ore":34,"minecraft:sculk_vein":1,"minecraft:obsidian":8,"minecraft:glow_lichen":1,"minecraft:granite":7,"minecraft:grass_block":15,"minecraft:hay_block":44,"minecraft:furnace":3,"minecraft:iron_ore":47,"minecraft:cobbled_deepslate":2,"minecraft:andesite":19,"minecraft:fletching_table":1,"minecraft:deepslate_lapis_ore":20,"minecraft:bookshelf":3,"minecraft:deepslate_iron_ore":60,"minecraft:stone":169,"minecraft:deepslate_redstone_ore":10,"minecraft:red_bed":4,"minecraft:smoker":1,"minecraft:crafting_table":2,"minecraft:torch":9,"minecraft:short_grass":34,"minecraft:blast_furnace":1,"minecraft:poppy":1,"minecraft:tall_grass":3,"minecraft:cobblestone":2,"minecraft:deepslate_gold_ore":19,"minecraft:grindstone":1,"minecraft:sugar_cane":13,"minecraft:sculk":124,"minecraft:diorite":18,"minecraft:wall_torch":8,"minecraft:oak_log":41,"minecraft:coal_ore":93,"minecraft:gravel":1,"minecraft:dirt":26,"minecraft:oak_leaves":16,"minecraft:deepslate":146},"minecraft:dropped":{"minecraft:iron_ingot":4,"minecraft:bread":1,"minecraft:wheat_seeds":7,"minecraft:cooked_beef":17,"minecraft:glow_ink_sac":6,"minecraft:leather_helmet":2,"minecraft:dirt":3,"minecraft:bone":2,"minecraft:pink_tulip":2,"minecraft:stone_axe":1,"minecraft:cooked_chicken":10,"minecraft:stone_sword":1,"minecraft:cobbled_deepslate":19,"minecraft:tuff":3,"minecraft:rotten_flesh":18,"minecraft:lily_of_the_valley":1,"minecraft:poppy":1,"minecraft:leather_chestplate":1,"minecraft:andesite":3,"minecraft:leather_boots":1,"minecraft:leather_leggings":1,"minecraft:stone_pickaxe":1},"minecraft:custom":{"minecraft:mob_kills":70,"minecraft:interact_with_crafting_table":19,"minecraft:leave_game":10,"minecraft:time_since_death":170402,"minecraft:climb_one_cm":472,"minecraft:sprint_one_cm":459925,"minecraft:walk_one_cm":291958,"minecraft:damage_blocked_by_shield":403,"minecraft:drop":54,"minecraft:talked_to_villager":1,"minecraft:play_time":240257,"minecraft:deaths":1,"minecraft:sneak_time":3479,"minecraft:walk_under_water_one_cm":17872,"minecraft:jump":2886,"minecraft:walk_on_water_one_cm":45253,"minecraft:total_world_time":240257,"minecraft:interact_with_furnace":32,"minecraft:sleep_in_bed":6,"minecraft:time_since_rest":50185,"minecraft:damage_taken":3534,"minecraft:damage_dealt":11361,"minecraft:swim_one_cm":6399,"minecraft:fly_one_cm":463062,"minecraft:open_chest":12,"minecraft:crouch_one_cm":8849,"minecraft:fall_one_cm":79247}},"DataVersion":3953}