{"stats":{"minecraft:mined":{"minecraft:red_bed":4,"minecraft:deepslate_diamond_ore":3,"minecraft:crafting_table":1,"minecraft:torch":2,"minecraft:short_grass":31,"minecraft:grass_block":13,"minecraft:tall_grass":1,"minecraft:cobblestone":1,"minecraft:sugar_cane":13,"minecraft:wall_torch":2,"minecraft:furnace":2,"minecraft:iron_ore":32,"minecraft:cobbled_deepslate":1,"minecraft:andesite":2,"minecraft:deepslate_lapis_ore":11,"minecraft:oak_log":37,"minecraft:coal_ore":9,"minecraft:deepslate_iron_ore":34,"minecraft:dirt":20,"minecraft:stone":45,"minecraft:oak_leaves":13,"minecraft:deepslate":47},"minecraft:picked_up":{"minecraft:iron_chestplate":1,"minecraft:crafting_table":1,"minecraft:cooked_beef":13,"minecraft:glow_ink_sac":3,"minecraft:andesite":2,"minecraft:leather":16,"minecraft:tuff":2,"minecraft:oak_log":37,"minecraft:shield":1,"minecraft:red_bed":5,"minecraft:lapis_lazuli":67,"minecraft:dirt":42,"minecraft:iron_axe":1,"minecraft:iron_leggings":1,"minecraft:bone":2,"minecraft:wheat_seeds":5,"minecraft:cobbled_deepslate":54,"minecraft:beef":13,"minecraft:iron_ingot":15,"minecraft:cooked_chicken":5,"minecraft:iron_pickaxe":1,"minecraft:sugar_cane":50,"minecraft:oak_planks":118,"minecraft:furnace":3,"minecraft:stick":28,"minecraft:raw_iron":66,"minecraft:cooked_porkchop":10,"minecraft:torch":68,"minecraft:porkchop":36,"minecraft:lily_of_the_valley":1,"minecraft:leather_helmet":1,"minecraft:rotten_flesh":14,"minecraft:diamond":3,"minecraft:iron_helmet":1,"minecraft:pink_tulip":2,"minecraft:bread":18,"minecraft:oak_sapling":1,"minecraft:coal":8,"minecraft:cobblestone":67},"minecraft:custom":{"minecraft:interact_with_furnace":25,"minecraft:mob_kills":35,"minecraft:interact_with_crafting_table":14,"minecraft:leave_game":9,"minecraft:time_since_death":75502,"minecraft:sleep_in_bed":4,"minecraft:time_since_rest":8400,"minecraft:sprint_one_cm":254800,"minecraft:damage_taken":2066,"minecraft:walk_one_cm":152513,"minecraft:damage_blocked_by_shield":243,"minecraft:drop":38,"minecraft:damage_dealt":4479,"minecraft:swim_one_cm":4616,"minecraft:fly_one_cm":293612,"minecraft:open_chest":3,"minecraft:crouch_one_cm":5350,"minecraft:play_time":145357,"minecraft:deaths":1,"minecraft:sneak_time":2288,"minecraft:walk_under_water_one_cm":9126,"minecraft:jump":1540,"minecraft:walk_on_water_one_cm":27868,"minecraft:total_world_time":145357,"minecraft:fall_one_cm":48360},"minecraft:crafted":{"minecraft:cooked_beef":13,"minecraft:oak_planks":148,"minecraft:cooked_porkchop":10,"minecraft:crafting_table":2,"minecraft:iron_helmet":1,"minecraft:furnace":1,"minecraft:bucket":1,"minecraft:iron_boots":2,"minecraft:iron_chestplate":1,"minecraft:iron_axe":1,"minecraft:stick":32,"minecraft:iron_ingot":30,"minecraft:iron_pickaxe":1,"minecraft:iron_leggings":1},"minecraft:killed":{"minecraft:pig":18,"minecraft:skeleton":2,"minecraft:zombie":7,"minecraft:cow":8},"minecraft:used":{"minecraft:water_bucket":1,"minecraft:stone_sword":14,"minecraft:stone_pickaxe":100,"minecraft:shield":4,"minecraft:torch":6,"minecraft:dirt":39,"minecraft:crafting_table":2,"minecraft:red_bed":4,"minecraft:iron_axe":54,"minecraft:bread":30,"minecraft:iron_pickaxe":93,"minecraft:iron_boots":2,"minecraft:stone_axe":56,"minecraft:cobblestone":25,"minecraft:furnace":2,"minecraft:oak_sapling":1,"minecraft:cooked_porkchop":6,"minecraft:bucket":2,"minecraft:andesite":1,"minecraft:cooked_beef":1,"minecraft:cobbled_deepslate":18},"minecraft:dropped":{"minecraft:bread":1,"minecraft:iron_ingot":4,"minecraft:stone_axe":1,"minecraft:wheat_seeds":4,"minecraft:cooked_beef":17,"minecraft:cooked_chicken":10,"minecraft:glow_ink_sac":3,"minecraft:stone_sword":1,"minecraft:cobbled_deepslate":19,"minecraft:rotten_flesh":8,"minecraft:leather_helmet":2,"minecraft:lily_of_the_valley":1,"minecraft:leather_chestplate":1,"minecraft:dirt":3,"minecraft:andesite":1,"minecraft:leather_boots":1,"minecraft:leather_leggings":1,"minecraft:stone_pickaxe":1,"minecraft:bone":2}},"DataVersion":3953}