{"stats":{"minecraft:mined":{"minecraft:red_bed":1,"minecraft:torch":1,"minecraft:short_grass":20,"minecraft:grass_block":9,"minecraft:tall_grass":1,"minecraft:cobblestone":1,"minecraft:sugar_cane":9,"minecraft:wall_torch":2,"minecraft:furnace":1,"minecraft:iron_ore":32,"minecraft:andesite":2,"minecraft:oak_log":37,"minecraft:coal_ore":9,"minecraft:deepslate_iron_ore":3,"minecraft:dirt":17,"minecraft:stone":45,"minecraft:oak_leaves":7,"minecraft:deepslate":5},"minecraft:dropped":{"minecraft:stone_axe":1,"minecraft:wheat_seeds":1,"minecraft:cooked_beef":4,"minecraft:cooked_chicken":10,"minecraft:stone_sword":1,"minecraft:cobbled_deepslate":10,"minecraft:rotten_flesh":8,"minecraft:leather_helmet":2,"minecraft:leather_chestplate":1,"minecraft:dirt":3,"minecraft:andesite":1,"minecraft:leather_boots":1,"minecraft:leather_leggings":1,"minecraft:stone_pickaxe":1},"minecraft:crafted":{"minecraft:cooked_beef":13,"minecraft:oak_planks":148,"minecraft:cooked_porkchop":10,"minecraft:crafting_table":1,"minecraft:iron_helmet":1,"minecraft:furnace":1,"minecraft:iron_boots":1,"minecraft:iron_chestplate":1,"minecraft:iron_axe":1,"minecraft:stick":32,"minecraft:iron_ingot":30,"minecraft:iron_pickaxe":1,"minecraft:iron_leggings":1},"minecraft:used":{"minecraft:stone_sword":14,"minecraft:stone_pickaxe":100,"minecraft:shield":1,"minecraft:torch":5,"minecraft:dirt":32,"minecraft:crafting_table":1,"minecraft:red_bed":1,"minecraft:bread":13,"minecraft:iron_pickaxe":4,"minecraft:iron_boots":1,"minecraft:stone_axe":56,"minecraft:cobblestone":19,"minecraft:furnace":1,"minecraft:andesite":1,"minecraft:cooked_beef":1},"minecraft:picked_up":{"minecraft:andesite":2,"minecraft:leather":8,"minecraft:oak_log":37,"minecraft:red_bed":1,"minecraft:dirt":35,"minecraft:wheat_seeds":2,"minecraft:cobbled_deepslate":10,"minecraft:beef":13,"minecraft:cooked_chicken":5,"minecraft:sugar_cane":20,"minecraft:furnace":1,"minecraft:raw_iron":32,"minecraft:torch":4,"minecraft:porkchop":10,"minecraft:leather_helmet":1,"minecraft:rotten_flesh":8,"minecraft:coal":8,"minecraft:cobblestone":47},"minecraft:custom":{"minecraft:interact_with_furnace":16,"minecraft:mob_kills":16,"minecraft:interact_with_crafting_table":11,"minecraft:leave_game":8,"minecraft:time_since_death":1940,"minecraft:sleep_in_bed":1,"minecraft:time_since_rest":2038,"minecraft:sprint_one_cm":85300,"minecraft:damage_taken":1031,"minecraft:walk_one_cm":60237,"minecraft:damage_blocked_by_shield":101,"minecraft:drop":24,"minecraft:damage_dealt":1521,"minecraft:swim_one_cm":1499,"minecraft:fly_one_cm":135878,"minecraft:crouch_one_cm":4436,"minecraft:play_time":71795,"minecraft:deaths":1,"minecraft:sneak_time":1490,"minecraft:walk_under_water_one_cm":2600,"minecraft:jump":527,"minecraft:walk_on_water_one_cm":4478,"minecraft:total_world_time":71795,"minecraft:fall_one_cm":22651},"minecraft:killed":{"minecraft:pig":5,"minecraft:zombie":3,"minecraft:cow":8}},"DataVersion":3953}