{"stats":{"minecraft:used":{"minecraft:dirt":12,"minecraft:bread":3,"minecraft:stone_pickaxe":24,"minecraft:shield":1,"minecraft:cooked_beef":1},"minecraft:picked_up":{"minecraft:raw_iron":2,"minecraft:rotten_flesh":2,"minecraft:cooked_chicken":5,"minecraft:dirt":19,"minecraft:cobblestone":17},"minecraft:killed":{"minecraft:zombie":2},"minecraft:mined":{"minecraft:short_grass":1,"minecraft:grass_block":8,"minecraft:dirt":12,"minecraft:iron_ore":2,"minecraft:stone":17},"minecraft:dropped":{"minecraft:rotten_flesh":2,"minecraft:cooked_beef":4,"minecraft:cooked_chicken":10},"minecraft:custom":{"minecraft:time_since_rest":36730,"minecraft:crouch_one_cm":819,"minecraft:play_time":36730,"minecraft:sprint_one_cm":26419,"minecraft:damage_taken":234,"minecraft:walk_one_cm":26282,"minecraft:damage_blocked_by_shield":101,"minecraft:sneak_time":169,"minecraft:mob_kills":2,"minecraft:drop":5,"minecraft:jump":127,"minecraft:damage_dealt":171,"minecraft:leave_game":8,"minecraft:time_since_death":36730,"minecraft:total_world_time":36730,"minecraft:fall_one_cm":2482,"minecraft:fly_one_cm":39797}},"DataVersion":3953}