{"stats":{"minecraft:mined":{"minecraft:red_bed":2,"minecraft:crafting_table":1,"minecraft:torch":2,"minecraft:short_grass":25,"minecraft:grass_block":13,"minecraft:tall_grass":1,"minecraft:cobblestone":1,"minecraft:sugar_cane":9,"minecraft:wall_torch":2,"minecraft:furnace":2,"minecraft:iron_ore":32,"minecraft:andesite":2,"minecraft:oak_log":37,"minecraft:coal_ore":9,"minecraft:deepslate_iron_ore":14,"minecraft:dirt":20,"minecraft:stone":45,"minecraft:oak_leaves":7,"minecraft:deepslate":13},"minecraft:dropped":{"minecraft:iron_ingot":4,"minecraft:stone_axe":1,"minecraft:wheat_seeds":3,"minecraft:cooked_beef":17,"minecraft:cooked_chicken":10,"minecraft:glow_ink_sac":3,"minecraft:stone_sword":1,"minecraft:cobbled_deepslate":18,"minecraft:rotten_flesh":8,"minecraft:leather_helmet":2,"minecraft:leather_chestplate":1,"minecraft:dirt":3,"minecraft:andesite":1,"minecraft:leather_boots":1,"minecraft:leather_leggings":1,"minecraft:stone_pickaxe":1},"minecraft:crafted":{"minecraft:cooked_beef":13,"minecraft:oak_planks":148,"minecraft:cooked_porkchop":10,"minecraft:crafting_table":2,"minecraft:iron_helmet":1,"minecraft:furnace":1,"minecraft:bucket":1,"minecraft:iron_boots":2,"minecraft:iron_chestplate":1,"minecraft:iron_axe":1,"minecraft:stick":32,"minecraft:iron_ingot":30,"minecraft:iron_pickaxe":1,"minecraft:iron_leggings":1},"minecraft:used":{"minecraft:stone_sword":14,"minecraft:stone_pickaxe":100,"minecraft:shield":2,"minecraft:torch":6,"minecraft:dirt":34,"minecraft:crafting_table":2,"minecraft:red_bed":2,"minecraft:iron_axe":11,"minecraft:bread":14,"minecraft:iron_pickaxe":24,"minecraft:iron_boots":2,"minecraft:stone_axe":56,"minecraft:cobblestone":25,"minecraft:oak_sapling":1,"minecraft:furnace":2,"minecraft:cooked_porkchop":4,"minecraft:bucket":1,"minecraft:andesite":1,"minecraft:cooked_beef":1},"minecraft:custom":{"minecraft:interact_with_furnace":25,"minecraft:mob_kills":18,"minecraft:interact_with_crafting_table":14,"minecraft:leave_game":8,"minecraft:time_since_death":25940,"minecraft:sleep_in_bed":2,"minecraft:time_since_rest":15932,"minecraft:sprint_one_cm":126254,"minecraft:damage_taken":1322,"minecraft:walk_one_cm":85597,"minecraft:damage_blocked_by_shield":126,"minecraft:drop":32,"minecraft:damage_dealt":2029,"minecraft:swim_one_cm":2263,"minecraft:fly_one_cm":189371,"minecraft:crouch_one_cm":4759,"minecraft:play_time":95795,"minecraft:deaths":1,"minecraft:sneak_time":1794,"minecraft:walk_under_water_one_cm":3865,"minecraft:jump":849,"minecraft:walk_on_water_one_cm":12842,"minecraft:total_world_time":95795,"minecraft:fall_one_cm":34138},"minecraft:picked_up":{"minecraft:crafting_table":1,"minecraft:iron_chestplate":1,"minecraft:cooked_beef":13,"minecraft:glow_ink_sac":3,"minecraft:andesite":2,"minecraft:leather":16,"minecraft:oak_log":37,"minecraft:shield":1,"minecraft:red_bed":3,"minecraft:dirt":42,"minecraft:iron_axe":1,"minecraft:iron_leggings":1,"minecraft:bone":2,"minecraft:wheat_seeds":3,"minecraft:cobbled_deepslate":18,"minecraft:iron_ingot":15,"minecraft:beef":13,"minecraft:cooked_chicken":5,"minecraft:iron_pickaxe":1,"minecraft:sugar_cane":40,"minecraft:oak_planks":118,"minecraft:furnace":3,"minecraft:stick":28,"minecraft:raw_iron":46,"minecraft:cooked_porkchop":10,"minecraft:torch":68,"minecraft:porkchop":10,"minecraft:leather_helmet":1,"minecraft:rotten_flesh":8,"minecraft:iron_helmet":1,"minecraft:bread":17,"minecraft:oak_sapling":1,"minecraft:coal":8,"minecraft:cobblestone":67},"minecraft:killed":{"minecraft:pig":5,"minecraft:skeleton":2,"minecraft:zombie":3,"minecraft:cow":8}},"DataVersion":3953}