{"stats":{"minecraft:killed":{"minecraft:pig":18,"minecraft:skeleton":2,"minecraft:zombie":3,"minecraft:cow":8},"minecraft:picked_up":{"minecraft:iron_chestplate":1,"minecraft:crafting_table":1,"minecraft:cooked_beef":13,"minecraft:glow_ink_sac":3,"minecraft:andesite":2,"minecraft:leather":16,"minecraft:oak_log":37,"minecraft:shield":1,"minecraft:dirt":42,"minecraft:red_bed":4,"minecraft:iron_axe":1,"minecraft:iron_leggings":1,"minecraft:bone":2,"minecraft:wheat_seeds":5,"minecraft:cobbled_deepslate":25,"minecraft:iron_ingot":15,"minecraft:beef":13,"minecraft:cooked_chicken":5,"minecraft:iron_pickaxe":1,"minecraft:sugar_cane":50,"minecraft:oak_planks":118,"minecraft:furnace":3,"minecraft:stick":28,"minecraft:raw_iron":46,"minecraft:cooked_porkchop":10,"minecraft:torch":68,"minecraft:porkchop":36,"minecraft:lily_of_the_valley":1,"minecraft:leather_helmet":1,"minecraft:rotten_flesh":8,"minecraft:diamond":1,"minecraft:iron_helmet":1,"minecraft:pink_tulip":2,"minecraft:bread":17,"minecraft:oak_sapling":1,"minecraft:coal":8,"minecraft:cobblestone":67},"minecraft:used":{"minecraft:water_bucket":1,"minecraft:stone_sword":14,"minecraft:stone_pickaxe":100,"minecraft:shield":2,"minecraft:torch":6,"minecraft:dirt":34,"minecraft:crafting_table":2,"minecraft:red_bed":3,"minecraft:iron_axe":42,"minecraft:bread":23,"minecraft:iron_pickaxe":36,"minecraft:iron_boots":2,"minecraft:stone_axe":56,"minecraft:cobblestone":25,"minecraft:furnace":2,"minecraft:oak_sapling":1,"minecraft:cooked_porkchop":5,"minecraft:bucket":2,"minecraft:andesite":1,"minecraft:cooked_beef":1},"minecraft:custom":{"minecraft:interact_with_furnace":25,"minecraft:mob_kills":31,"minecraft:interact_with_crafting_table":14,"minecraft:leave_game":8,"minecraft:time_since_death":48295,"minecraft:sleep_in_bed":3,"minecraft:time_since_rest":18877,"minecraft:sprint_one_cm":232629,"minecraft:damage_taken":1637,"minecraft:walk_one_cm":125178,"minecraft:damage_blocked_by_shield":126,"minecraft:drop":36,"minecraft:damage_dealt":3588,"minecraft:swim_one_cm":3828,"minecraft:fly_one_cm":276606,"minecraft:open_chest":3,"minecraft:crouch_one_cm":4759,"minecraft:play_time":118150,"minecraft:deaths":1,"minecraft:sneak_time":1796,"minecraft:walk_under_water_one_cm":4950,"minecraft:jump":1322,"minecraft:walk_on_water_one_cm":24724,"minecraft:total_world_time":118150,"minecraft:fall_one_cm":43917},"minecraft:dropped":{"minecraft:iron_ingot":4,"minecraft:stone_axe":1,"minecraft:wheat_seeds":4,"minecraft:cooked_beef":17,"minecraft:cooked_chicken":10,"minecraft:glow_ink_sac":3,"minecraft:stone_sword":1,"minecraft:cobbled_deepslate":18,"minecraft:rotten_flesh":8,"minecraft:leather_helmet":2,"minecraft:lily_of_the_valley":1,"minecraft:leather_chestplate":1,"minecraft:dirt":3,"minecraft:andesite":1,"minecraft:leather_boots":1,"minecraft:leather_leggings":1,"minecraft:stone_pickaxe":1,"minecraft:bone":2},"minecraft:mined":{"minecraft:red_bed":3,"minecraft:deepslate_diamond_ore":1,"minecraft:torch":2,"minecraft:crafting_table":1,"minecraft:short_grass":31,"minecraft:grass_block":13,"minecraft:tall_grass":1,"minecraft:cobblestone":1,"minecraft:sugar_cane":13,"minecraft:wall_torch":2,"minecraft:furnace":2,"minecraft:iron_ore":32,"minecraft:andesite":2,"minecraft:coal_ore":9,"minecraft:oak_log":37,"minecraft:deepslate_iron_ore":14,"minecraft:dirt":20,"minecraft:stone":45,"minecraft:oak_leaves":13,"minecraft:deepslate":24},"minecraft:crafted":{"minecraft:cooked_beef":13,"minecraft:oak_planks":148,"minecraft:cooked_porkchop":10,"minecraft:crafting_table":2,"minecraft:iron_helmet":1,"minecraft:furnace":1,"minecraft:bucket":1,"minecraft:iron_boots":2,"minecraft:iron_chestplate":1,"minecraft:iron_axe":1,"minecraft:stick":32,"minecraft:iron_ingot":30,"minecraft:iron_pickaxe":1,"minecraft:iron_leggings":1}},"DataVersion":3953}