{"stats":{"minecraft:broken":{"minecraft:iron_pickaxe":2,"minecraft:iron_helmet":1},"minecraft:used":{"minecraft:enchanting_table":1,"minecraft:stone_sword":14,"minecraft:chest":2,"minecraft:shield":10,"minecraft:torch":35,"minecraft:dirt":47,"minecraft:granite":6,"minecraft:bookshelf":9,"minecraft:iron_axe":87,"minecraft:iron_boots":2,"minecraft:bow":8,"minecraft:goat_horn":1,"minecraft:oak_sapling":1,"minecraft:furnace":3,"minecraft:cooked_beef":1,"minecraft:cobbled_deepslate":146,"minecraft:water_bucket":12,"minecraft:diorite":17,"minecraft:stone_pickaxe":100,"minecraft:diamond_axe":136,"minecraft:crafting_table":4,"minecraft:red_bed":5,"minecraft:diamond_pickaxe":305,"minecraft:bread":65,"minecraft:iron_pickaxe":509,"minecraft:stone_axe":56,"minecraft:diamond_sword":27,"minecraft:cobblestone":101,"minecraft:cooked_porkchop":21,"minecraft:andesite":21,"minecraft:bucket":13},"minecraft:picked_up":{"minecraft:crafting_table":2,"minecraft:iron_chestplate":1,"minecraft:shield":1,"minecraft:red_bed":5,"minecraft:iron_axe":1,"minecraft:iron_leggings":1,"minecraft:cobbled_deepslate":187,"minecraft:beef":22,"minecraft:poppy":1,"minecraft:iron_pickaxe":1,"minecraft:sugar_cane":59,"minecraft:furnace":4,"minecraft:raw_iron":138,"minecraft:stick":28,"minecraft:torch":83,"minecraft:porkchop":36,"minecraft:diorite":30,"minecraft:redstone":53,"minecraft:arrow":18,"minecraft:rotten_flesh":40,"minecraft:hay_block":44,"minecraft:pink_tulip":2,"minecraft:obsidian":8,"minecraft:cobblestone":226,"minecraft:cooked_beef":13,"minecraft:glow_ink_sac":6,"minecraft:andesite":24,"minecraft:leather":18,"minecraft:smoker":1,"minecraft:flint":2,"minecraft:tuff":3,"minecraft:oak_log":58,"minecraft:lapis_lazuli":190,"minecraft:dirt":50,"minecraft:bone":21,"minecraft:bow":1,"minecraft:wheat_seeds":9,"minecraft:raw_gold":36,"minecraft:iron_ingot":15,"minecraft:grindstone":1,"minecraft:cooked_chicken":5,"minecraft:fletching_table":1,"minecraft:oak_planks":150,"minecraft:book":18,"minecraft:cooked_porkchop":10,"minecraft:blast_furnace":1,"minecraft:lily_of_the_valley":1,"minecraft:leather_helmet":1,"minecraft:diamond":46,"minecraft:iron_helmet":1,"minecraft:crossbow":1,"minecraft:granite":22,"minecraft:bread":18,"minecraft:oak_sapling":1,"minecraft:coal":91},"minecraft:killed":{"minecraft:skeleton":21,"minecraft:pig":18,"minecraft:pillager":6,"minecraft:zombie":32,"minecraft:villager":3,"minecraft:enderman":1,"minecraft:cow":12},"minecraft:crafted":{"minecraft:oak_planks":232,"minecraft:furnace":1,"minecraft:bookshelf":9,"minecraft:diamond_block":1,"minecraft:diamond":9,"minecraft:diamond_helmet":1,"minecraft:diamond_leggings":1,"minecraft:iron_boots":2,"minecraft:iron_axe":1,"minecraft:chest":2,"minecraft:diamond_boots":1,"minecraft:wheat":396,"minecraft:cooked_beef":13,"minecraft:diamond_sword":1,"minecraft:cooked_porkchop":36,"minecraft:diamond_axe":1,"minecraft:crafting_table":2,"minecraft:enchanting_table":1,"minecraft:iron_helmet":1,"minecraft:bucket":1,"minecraft:bread":64,"minecraft:book":10,"minecraft:iron_chestplate":1,"minecraft:paper":30,"minecraft:diamond_pickaxe":1,"minecraft:stick":32,"minecraft:iron_ingot":30,"minecraft:iron_pickaxe":2,"minecraft:iron_leggings":1,"minecraft:lapis_block":7,"minecraft:diamond_chestplate":1},"minecraft:mined":{"minecraft:tuff":1,"minecraft:deepslate_diamond_ore":46,"minecraft:sculk_vein":1,"minecraft:obsidian":8,"minecraft:glow_lichen":1,"minecraft:granite":22,"minecraft:grass_block":15,"minecraft:hay_block":44,"minecraft:furnace":3,"minecraft:iron_ore":53,"minecraft:cobbled_deepslate":4,"minecraft:andesite":23,"minecraft:fletching_table":1,"minecraft:deepslate_lapis_ore":22,"minecraft:bookshelf":6,"minecraft:deepslate_iron_ore":85,"minecraft:stone":207,"minecraft:deepslate_redstone_ore":12,"minecraft:red_bed":4,"minecraft:smoker":1,"minecraft:crafting_table":2,"minecraft:torch":10,"minecraft:short_grass":39,"minecraft:blast_furnace":1,"minecraft:poppy":1,"minecraft:tall_grass":3,"minecraft:cobblestone":2,"minecraft:lapis_ore":4,"minecraft:deepslate_gold_ore":34,"minecraft:grindstone":1,"minecraft:sugar_cane":17,"minecraft:sculk":148,"minecraft:diorite":31,"minecraft:wall_torch":9,"minecraft:oak_log":59,"minecraft:coal_ore":93,"minecraft:gravel":4,"minecraft:dirt":26,"minecraft:gold_ore":2,"minecraft:oak_leaves":18,"minecraft:deepslate":170},"minecraft:dropped":{"minecraft:iron_ingot":4,"minecraft:bread":1,"minecraft:wheat_seeds":7,"minecraft:cooked_beef":17,"minecraft:glow_ink_sac":6,"minecraft:leather_helmet":2,"minecraft:dirt":3,"minecraft:iron_leggings":1,"minecraft:bone":2,"minecraft:pink_tulip":2,"minecraft:stone_axe":1,"minecraft:cooked_chicken":10,"minecraft:stone_sword":1,"minecraft:cobbled_deepslate":19,"minecraft:tuff":3,"minecraft:rotten_flesh":18,"minecraft:iron_boots":1,"minecraft:lily_of_the_valley":1,"minecraft:poppy":1,"minecraft:leather_chestplate":1,"minecraft:iron_chestplate":1,"minecraft:andesite":3,"minecraft:leather_boots":1,"minecraft:leather_leggings":1,"minecraft:stone_pickaxe":1},"minecraft:custom":{"minecraft:mob_kills":93,"minecraft:interact_with_crafting_table":28,"minecraft:leave_game":10,"minecraft:time_since_death":212402,"minecraft:climb_one_cm":692,"minecraft:sprint_one_cm":575527,"minecraft:walk_one_cm":338252,"minecraft:damage_blocked_by_shield":644,"minecraft:drop":57,"minecraft:talked_to_villager":1,"minecraft:play_time":282257,"minecraft:deaths":1,"minecraft:sneak_time":4260,"minecraft:walk_under_water_one_cm":23102,"minecraft:jump":4007,"minecraft:walk_on_water_one_cm":58556,"minecraft:total_world_time":282257,"minecraft:interact_with_furnace":32,"minecraft:sleep_in_bed":7,"minecraft:time_since_rest":21210,"minecraft:damage_taken":4634,"minecraft:damage_dealt":15540,"minecraft:swim_one_cm":14747,"minecraft:fly_one_cm":687652,"minecraft:open_chest":24,"minecraft:crouch_one_cm":10710,"minecraft:fall_one_cm":119951}},"DataVersion":3953}