{"stats":{"minecraft:used":{"minecraft:cooked_beef":1,"minecraft:dirt":8},"minecraft:picked_up":{"minecraft:cooked_chicken":5,"minecraft:dirt":8},"minecraft:custom":{"minecraft:jump":50,"minecraft:time_since_rest":20692,"minecraft:play_time":20692,"minecraft:crouch_one_cm":269,"minecraft:leave_game":4,"minecraft:sprint_one_cm":13395,"minecraft:damage_taken":29,"minecraft:time_since_death":20692,"minecraft:walk_one_cm":11160,"minecraft:sneak_time":32,"minecraft:total_world_time":20692,"minecraft:drop":3,"minecraft:fall_one_cm":1045,"minecraft:fly_one_cm":9348},"minecraft:mined":{"minecraft:grass_block":2,"minecraft:dirt":6},"minecraft:dropped":{"minecraft:cooked_beef":4,"minecraft:cooked_chicken":10}},"DataVersion":3953}