{"stats":{"minecraft:used":{"minecraft:water_bucket":1,"minecraft:diorite":17,"minecraft:stone_sword":14,"minecraft:stone_pickaxe":100,"minecraft:shield":4,"minecraft:torch":15,"minecraft:dirt":47,"minecraft:crafting_table":3,"minecraft:red_bed":4,"minecraft:granite":6,"minecraft:diamond_pickaxe":8,"minecraft:bread":31,"minecraft:iron_axe":72,"minecraft:iron_pickaxe":267,"minecraft:iron_boots":2,"minecraft:stone_axe":56,"minecraft:cobblestone":25,"minecraft:furnace":3,"minecraft:oak_sapling":1,"minecraft:cooked_porkchop":11,"minecraft:bucket":2,"minecraft:andesite":17,"minecraft:cooked_beef":1,"minecraft:cobbled_deepslate":74},"minecraft:picked_up":{"minecraft:iron_chestplate":1,"minecraft:crafting_table":2,"minecraft:cooked_beef":13,"minecraft:glow_ink_sac":3,"minecraft:andesite":20,"minecraft:leather":16,"minecraft:smoker":1,"minecraft:flint":1,"minecraft:tuff":3,"minecraft:oak_log":37,"minecraft:shield":1,"minecraft:lapis_lazuli":67,"minecraft:dirt":50,"minecraft:red_bed":5,"minecraft:iron_axe":1,"minecraft:iron_leggings":1,"minecraft:bone":2,"minecraft:wheat_seeds":8,"minecraft:cobbled_deepslate":93,"minecraft:grindstone":1,"minecraft:beef":13,"minecraft:iron_ingot":15,"minecraft:cooked_chicken":5,"minecraft:fletching_table":1,"minecraft:poppy":1,"minecraft:iron_pickaxe":1,"minecraft:sugar_cane":50,"minecraft:oak_planks":150,"minecraft:furnace":4,"minecraft:book":9,"minecraft:stick":28,"minecraft:raw_iron":76,"minecraft:cooked_porkchop":10,"minecraft:torch":77,"minecraft:porkchop":36,"minecraft:blast_furnace":1,"minecraft:diorite":17,"minecraft:lily_of_the_valley":1,"minecraft:leather_helmet":1,"minecraft:rotten_flesh":18,"minecraft:diamond":12,"minecraft:iron_helmet":1,"minecraft:hay_block":44,"minecraft:granite":6,"minecraft:pink_tulip":2,"minecraft:bread":18,"minecraft:oak_sapling":1,"minecraft:coal":8,"minecraft:cobblestone":102},"minecraft:killed":{"minecraft:pig":18,"minecraft:skeleton":2,"minecraft:zombie":10,"minecraft:cow":8},"minecraft:mined":{"minecraft:tuff":1,"minecraft:red_bed":4,"minecraft:deepslate_diamond_ore":12,"minecraft:smoker":1,"minecraft:crafting_table":2,"minecraft:torch":6,"minecraft:granite":7,"minecraft:short_grass":34,"minecraft:blast_furnace":1,"minecraft:grass_block":15,"minecraft:poppy":1,"minecraft:tall_grass":3,"minecraft:cobblestone":1,"minecraft:grindstone":1,"minecraft:sugar_cane":13,"minecraft:diorite":18,"minecraft:wall_torch":7,"minecraft:hay_block":44,"minecraft:furnace":3,"minecraft:iron_ore":40,"minecraft:cobbled_deepslate":2,"minecraft:andesite":19,"minecraft:deepslate_lapis_ore":11,"minecraft:fletching_table":1,"minecraft:bookshelf":3,"minecraft:coal_ore":9,"minecraft:oak_log":37,"minecraft:deepslate_iron_ore":36,"minecraft:gravel":1,"minecraft:dirt":26,"minecraft:stone":82,"minecraft:oak_leaves":13,"minecraft:deepslate":85},"minecraft:crafted":{"minecraft:cooked_beef":13,"minecraft:oak_planks":148,"minecraft:cooked_porkchop":36,"minecraft:crafting_table":2,"minecraft:iron_helmet":1,"minecraft:furnace":1,"minecraft:bucket":1,"minecraft:diamond_block":1,"minecraft:iron_boots":2,"minecraft:iron_chestplate":1,"minecraft:diamond_pickaxe":1,"minecraft:iron_axe":1,"minecraft:stick":32,"minecraft:iron_ingot":30,"minecraft:iron_pickaxe":2,"minecraft:iron_leggings":1,"minecraft:lapis_block":7},"minecraft:dropped":{"minecraft:bread":1,"minecraft:iron_ingot":4,"minecraft:stone_axe":1,"minecraft:wheat_seeds":7,"minecraft:cooked_beef":17,"minecraft:cooked_chicken":10,"minecraft:stone_sword":1,"minecraft:glow_ink_sac":3,"minecraft:cobbled_deepslate":19,"minecraft:tuff":3,"minecraft:rotten_flesh":18,"minecraft:leather_helmet":2,"minecraft:lily_of_the_valley":1,"minecraft:poppy":1,"minecraft:leather_chestplate":1,"minecraft:dirt":3,"minecraft:andesite":3,"minecraft:leather_boots":1,"minecraft:leather_leggings":1,"minecraft:stone_pickaxe":1,"minecraft:bone":2,"minecraft:pink_tulip":2},"minecraft:custom":{"minecraft:interact_with_furnace":32,"minecraft:mob_kills":38,"minecraft:interact_with_crafting_table":16,"minecraft:leave_game":10,"minecraft:sleep_in_bed":5,"minecraft:time_since_death":116402,"minecraft:climb_one_cm":472,"minecraft:time_since_rest":12319,"minecraft:sprint_one_cm":334097,"minecraft:damage_taken":2443,"minecraft:walk_one_cm":195336,"minecraft:damage_blocked_by_shield":243,"minecraft:drop":51,"minecraft:damage_dealt":5079,"minecraft:swim_one_cm":5734,"minecraft:talked_to_villager":1,"minecraft:fly_one_cm":368110,"minecraft:open_chest":9,"minecraft:crouch_one_cm":5565,"minecraft:play_time":186257,"minecraft:deaths":1,"minecraft:sneak_time":2471,"minecraft:walk_under_water_one_cm":17215,"minecraft:jump":1993,"minecraft:walk_on_water_one_cm":34051,"minecraft:total_world_time":186257,"minecraft:fall_one_cm":55377}},"DataVersion":3953}