{"stats":{"minecraft:picked_up":{"minecraft:pink_petals":8,"minecraft:raw_iron":1,"minecraft:crafting_table":2,"minecraft:leather":7,"minecraft:dandelion":1,"minecraft:porkchop":11,"minecraft:cherry_log":21,"minecraft:rotten_flesh":2,"minecraft:wheat_seeds":1,"minecraft:beef":7,"minecraft:gray_wool":2,"minecraft:black_wool":1,"minecraft:mutton":23,"minecraft:coal":15,"minecraft:white_wool":11,"minecraft:cobblestone":30,"minecraft:furnace":1},"minecraft:used":{"minecraft:cooked_mutton":3,"minecraft:stone_sword":74,"minecraft:stone_pickaxe":26,"minecraft:wooden_pickaxe":14,"minecraft:stone_axe":15,"minecraft:crafting_table":2,"minecraft:furnace":2},"minecraft:crafted":{"minecraft:cherry_planks":32,"minecraft:crafting_table":1,"minecraft:stick":20,"minecraft:wooden_pickaxe":1,"minecraft:stone_pickaxe":1,"minecraft:stone_sword":6,"minecraft:furnace":1,"minecraft:stone_axe":1,"minecraft:air":0,"minecraft:cooked_mutton":8},"minecraft:killed":{"minecraft:sheep":14,"minecraft:zombie":1,"minecraft:pig":6,"minecraft:cow":4,"minecraft:horse":4},"minecraft:mined":{"minecraft:pink_petals":1,"minecraft:furnace":1,"minecraft:iron_ore":1,"minecraft:cherry_log":21,"minecraft:dandelion":1,"minecraft:crafting_table":2,"minecraft:short_grass":7,"minecraft:coal_ore":8,"minecraft:tall_grass":2,"minecraft:stone":30},"minecraft:dropped":{"minecraft:stone_sword":5,"minecraft:pink_petals":4},"minecraft:custom":{"minecraft:time_since_rest":17219,"minecraft:interact_with_furnace":6,"minecraft:sprint_one_cm":19396,"minecraft:damage_taken":135,"minecraft:walk_one_cm":11264,"minecraft:mob_kills":29,"minecraft:drop":6,"minecraft:damage_dealt":3190,"minecraft:interact_with_crafting_table":4,"minecraft:fly_one_cm":583281,"minecraft:crouch_one_cm":7984,"minecraft:play_time":17219,"minecraft:sneak_time":2450,"minecraft:walk_under_water_one_cm":165,"minecraft:jump":276,"minecraft:walk_on_water_one_cm":125,"minecraft:time_since_death":17219,"minecraft:total_world_time":17219,"minecraft:fall_one_cm":3500}},"DataVersion":3953}