{"stats":{"minecraft:killed_by":{"minecraft:zombie":1},"minecraft:used":{"minecraft:cooked_mutton":3,"minecraft:stone_sword":121,"minecraft:stone_pickaxe":55,"minecraft:shield":10,"minecraft:wooden_pickaxe":14,"minecraft:crafting_table":6,"minecraft:diamond_pickaxe":8,"minecraft:iron_pickaxe":46,"minecraft:stone_axe":19,"minecraft:cobblestone":10,"minecraft:furnace":3,"minecraft:cobbled_deepslate":5},"minecraft:picked_up":{"minecraft:pink_petals":12,"minecraft:crafting_table":7,"minecraft:cherry_planks":58,"minecraft:leather":14,"minecraft:wooden_pickaxe":1,"minecraft:shield":1,"minecraft:string":4,"minecraft:cooked_mutton":6,"minecraft:bone":8,"minecraft:wheat_seeds":2,"minecraft:cobbled_deepslate":23,"minecraft:raw_gold":15,"minecraft:iron_ingot":3,"minecraft:beef":14,"minecraft:iron_pickaxe":1,"minecraft:furnace":4,"minecraft:stick":4,"minecraft:raw_iron":36,"minecraft:torch":24,"minecraft:dandelion":2,"minecraft:porkchop":22,"minecraft:cherry_log":21,"minecraft:diorite":2,"minecraft:spider_eye":2,"minecraft:stone_sword":1,"minecraft:arrow":5,"minecraft:rotten_flesh":9,"minecraft:diamond":20,"minecraft:stone_axe":1,"minecraft:granite":10,"minecraft:gray_wool":4,"minecraft:black_wool":2,"minecraft:coal":21,"minecraft:mutton":37,"minecraft:white_wool":22,"minecraft:cobblestone":46},"minecraft:killed":{"minecraft:pig":6,"minecraft:spider":2,"minecraft:horse":4,"minecraft:sheep":14,"minecraft:skeleton":7,"minecraft:zombie":5,"minecraft:cow":4},"minecraft:mined":{"minecraft:deepslate_diamond_ore":18,"minecraft:cherry_log":21,"minecraft:dandelion":1,"minecraft:crafting_table":6,"minecraft:granite":5,"minecraft:short_grass":7,"minecraft:tall_grass":2,"minecraft:deepslate_gold_ore":14,"minecraft:diorite":1,"minecraft:pink_petals":1,"minecraft:furnace":3,"minecraft:iron_ore":10,"minecraft:coal_ore":8,"minecraft:deepslate_iron_ore":7,"minecraft:stone":36,"minecraft:deepslate":21},"minecraft:crafted":{"minecraft:cherry_planks":84,"minecraft:crafting_table":1,"minecraft:wooden_pickaxe":1,"minecraft:furnace":1,"minecraft:stone_axe":1,"minecraft:cooked_mutton":9,"minecraft:air":0,"minecraft:diamond_pickaxe":1,"minecraft:shield":1,"minecraft:stick":24,"minecraft:iron_ingot":7,"minecraft:iron_pickaxe":1,"minecraft:stone_pickaxe":1,"minecraft:stone_sword":6,"minecraft:torch":24},"minecraft:dropped":{"minecraft:stone_sword":5,"minecraft:pink_petals":4},"minecraft:custom":{"minecraft:interact_with_furnace":13,"minecraft:mob_kills":42,"minecraft:interact_with_crafting_table":9,"minecraft:time_since_death":6047,"minecraft:time_since_rest":6083,"minecraft:sprint_one_cm":19512,"minecraft:damage_taken":505,"minecraft:walk_one_cm":179386,"minecraft:damage_blocked_by_shield":280,"minecraft:drop":6,"minecraft:damage_dealt":5709,"minecraft:swim_one_cm":18132,"minecraft:fly_one_cm":662256,"minecraft:crouch_one_cm":18886,"minecraft:play_time":29219,"minecraft:deaths":1,"minecraft:sneak_time":5335,"minecraft:walk_under_water_one_cm":596,"minecraft:jump":440,"minecraft:walk_on_water_one_cm":1355,"minecraft:total_world_time":29219,"minecraft:fall_one_cm":3500}},"DataVersion":3953}