{"stats":{"minecraft:killed_by":{"minecraft:zombie":1},"minecraft:used":{"minecraft:cooked_mutton":7,"minecraft:stone_sword":122,"minecraft:stone_pickaxe":55,"minecraft:shield":11,"minecraft:wooden_pickaxe":14,"minecraft:diamond_axe":1,"minecraft:torch":1,"minecraft:crafting_table":7,"minecraft:diamond_pickaxe":102,"minecraft:iron_pickaxe":46,"minecraft:stone_axe":19,"minecraft:diamond_sword":6,"minecraft:cobblestone":10,"minecraft:furnace":4,"minecraft:cobbled_deepslate":34},"minecraft:picked_up":{"minecraft:pink_petals":12,"minecraft:crafting_table":8,"minecraft:cherry_planks":82,"minecraft:leather":14,"minecraft:wooden_pickaxe":1,"minecraft:tuff":1,"minecraft:shield":1,"minecraft:string":4,"minecraft:cooked_mutton":6,"minecraft:bone":8,"minecraft:wheat_seeds":2,"minecraft:cobbled_deepslate":46,"minecraft:raw_gold":31,"minecraft:iron_ingot":7,"minecraft:beef":14,"minecraft:iron_pickaxe":1,"minecraft:furnace":5,"minecraft:stick":4,"minecraft:raw_iron":46,"minecraft:torch":24,"minecraft:dandelion":2,"minecraft:porkchop":22,"minecraft:cherry_log":21,"minecraft:diorite":6,"minecraft:spider_eye":2,"minecraft:stone_sword":1,"minecraft:arrow":5,"minecraft:rotten_flesh":9,"minecraft:diamond":41,"minecraft:stone_axe":1,"minecraft:granite":17,"minecraft:gray_wool":4,"minecraft:black_wool":2,"minecraft:coal":21,"minecraft:mutton":37,"minecraft:white_wool":22,"minecraft:cobblestone":63},"minecraft:killed":{"minecraft:pig":6,"minecraft:spider":2,"minecraft:horse":4,"minecraft:sheep":14,"minecraft:skeleton":8,"minecraft:zombie":5,"minecraft:cow":4},"minecraft:mined":{"minecraft:tuff":1,"minecraft:deepslate_diamond_ore":39,"minecraft:cherry_log":21,"minecraft:dandelion":1,"minecraft:crafting_table":7,"minecraft:granite":12,"minecraft:short_grass":7,"minecraft:tall_grass":2,"minecraft:deepslate_gold_ore":30,"minecraft:diorite":5,"minecraft:pink_petals":1,"minecraft:furnace":4,"minecraft:iron_ore":10,"minecraft:coal_ore":8,"minecraft:deepslate_iron_ore":9,"minecraft:stone":53,"minecraft:deepslate":46},"minecraft:crafted":{"minecraft:cherry_planks":84,"minecraft:diamond_sword":1,"minecraft:diamond_axe":1,"minecraft:crafting_table":1,"minecraft:wooden_pickaxe":1,"minecraft:furnace":1,"minecraft:stone_axe":1,"minecraft:cooked_mutton":9,"minecraft:air":0,"minecraft:diamond_helmet":1,"minecraft:diamond_leggings":1,"minecraft:diamond_pickaxe":1,"minecraft:shield":1,"minecraft:stick":32,"minecraft:iron_ingot":7,"minecraft:iron_pickaxe":1,"minecraft:stone_pickaxe":1,"minecraft:stone_sword":6,"minecraft:diamond_boots":1,"minecraft:torch":24,"minecraft:diamond_chestplate":1},"minecraft:dropped":{"minecraft:wheat_seeds":1,"minecraft:stone_sword":5,"minecraft:rotten_flesh":5,"minecraft:leather":7,"minecraft:granite":5,"minecraft:diorite":1,"minecraft:spider_eye":1,"minecraft:beef":7,"minecraft:wooden_pickaxe":1,"minecraft:string":2,"minecraft:pink_petals":4,"minecraft:bone":5},"minecraft:custom":{"minecraft:interact_with_furnace":15,"minecraft:mob_kills":43,"minecraft:interact_with_crafting_table":13,"minecraft:time_since_death":18047,"minecraft:time_since_rest":18083,"minecraft:sprint_one_cm":35936,"minecraft:damage_taken":638,"minecraft:walk_one_cm":337236,"minecraft:damage_blocked_by_shield":339,"minecraft:drop":16,"minecraft:damage_dealt":6193,"minecraft:talked_to_villager":1,"minecraft:swim_one_cm":26570,"minecraft:fly_one_cm":779317,"minecraft:crouch_one_cm":23809,"minecraft:play_time":41219,"minecraft:deaths":1,"minecraft:sneak_time":7655,"minecraft:walk_under_water_one_cm":2288,"minecraft:jump":562,"minecraft:walk_on_water_one_cm":1441,"minecraft:total_world_time":41219,"minecraft:fall_one_cm":3500}},"DataVersion":3953}