{"stats":{"minecraft:mined":{"minecraft:iron_ore":17,"minecraft:crafting_table":2,"minecraft:short_grass":9,"minecraft:coal_ore":13,"minecraft:grass_block":1,"minecraft:oak_log":60,"minecraft:stone":10,"minecraft:oak_leaves":10},"minecraft:dropped":{"minecraft:rotten_flesh":2,"minecraft:stone_pickaxe":1},"minecraft:crafted":{"minecraft:wooden_sword":1,"minecraft:oak_planks":32,"minecraft:crafting_table":1,"minecraft:stick":8,"minecraft:iron_pickaxe":1,"minecraft:wooden_pickaxe":1,"minecraft:wooden_axe":1},"minecraft:broken":{"minecraft:stone_axe":1},"minecraft:used":{"minecraft:wooden_axe":6,"minecraft:stone_sword":16,"minecraft:stone_pickaxe":32,"minecraft:bread":8,"minecraft:iron_pickaxe":8,"minecraft:stone_axe":94,"minecraft:dirt":1,"minecraft:cobblestone":5,"minecraft:crafting_table":2,"minecraft:oak_sapling":1,"minecraft:cobbled_deepslate":8},"minecraft:picked_up":{"minecraft:raw_iron":17,"minecraft:stick":2,"minecraft:crafting_table":2,"minecraft:cooked_beef":13,"minecraft:leather":12,"minecraft:porkchop":34,"minecraft:oak_log":60,"minecraft:gunpowder":1,"minecraft:dirt":1,"minecraft:rotten_flesh":2,"minecraft:cobbled_deepslate":8,"minecraft:beef":18,"minecraft:iron_ingot":3,"minecraft:oak_sapling":1,"minecraft:mutton":12,"minecraft:coal":13,"minecraft:white_wool":7,"minecraft:cobblestone":10},"minecraft:custom":{"minecraft:time_since_rest":33350,"minecraft:sprint_one_cm":104499,"minecraft:damage_taken":183,"minecraft:walk_one_cm":55669,"minecraft:mob_kills":37,"minecraft:drop":2,"minecraft:damage_dealt":3918,"minecraft:swim_one_cm":5223,"minecraft:interact_with_crafting_table":2,"minecraft:fly_one_cm":112238,"minecraft:crouch_one_cm":1708,"minecraft:play_time":33350,"minecraft:sneak_time":653,"minecraft:walk_under_water_one_cm":542,"minecraft:jump":566,"minecraft:time_since_death":33350,"minecraft:walk_on_water_one_cm":2125,"minecraft:total_world_time":33350,"minecraft:fall_one_cm":14201},"minecraft:killed":{"minecraft:sheep":7,"minecraft:zombie":3,"minecraft:pig":16,"minecraft:creeper":1,"minecraft:cow":10}},"DataVersion":3953}