{"stats":{"minecraft:mined":{"minecraft:crafting_table":1,"minecraft:short_grass":8,"minecraft:grass_block":1,"minecraft:oak_log":60,"minecraft:oak_leaves":8},"minecraft:crafted":{"minecraft:wooden_sword":1,"minecraft:oak_planks":32,"minecraft:crafting_table":1,"minecraft:stick":8,"minecraft:wooden_pickaxe":1,"minecraft:wooden_axe":1},"minecraft:used":{"minecraft:wooden_axe":6,"minecraft:bread":5,"minecraft:stone_axe":91,"minecraft:dirt":1,"minecraft:crafting_table":1,"minecraft:oak_sapling":1,"minecraft:cobbled_deepslate":8},"minecraft:picked_up":{"minecraft:stick":2,"minecraft:crafting_table":1,"minecraft:cooked_beef":13,"minecraft:leather":12,"minecraft:porkchop":30,"minecraft:oak_log":60,"minecraft:gunpowder":1,"minecraft:dirt":1,"minecraft:cobbled_deepslate":8,"minecraft:beef":18,"minecraft:iron_ingot":3,"minecraft:oak_sapling":1,"minecraft:mutton":12,"minecraft:white_wool":7},"minecraft:custom":{"minecraft:time_since_rest":21350,"minecraft:sprint_one_cm":74266,"minecraft:damage_taken":58,"minecraft:walk_one_cm":32101,"minecraft:mob_kills":31,"minecraft:damage_dealt":2970,"minecraft:swim_one_cm":4921,"minecraft:interact_with_crafting_table":1,"minecraft:fly_one_cm":87934,"minecraft:play_time":21350,"minecraft:sneak_time":8,"minecraft:walk_under_water_one_cm":408,"minecraft:jump":391,"minecraft:time_since_death":21350,"minecraft:walk_on_water_one_cm":1726,"minecraft:total_world_time":21350,"minecraft:fall_one_cm":7890},"minecraft:killed":{"minecraft:sheep":7,"minecraft:pig":13,"minecraft:creeper":1,"minecraft:cow":10}},"DataVersion":3953}