{"stats":{"minecraft:mined":{"minecraft:short_grass":5,"minecraft:oak_log":56,"minecraft:oak_leaves":2,"minecraft:crafting_table":1},"minecraft:crafted":{"minecraft:wooden_sword":1,"minecraft:oak_planks":32,"minecraft:crafting_table":1,"minecraft:stick":8,"minecraft:wooden_pickaxe":1,"minecraft:wooden_axe":1},"minecraft:used":{"minecraft:stone_axe":64,"minecraft:wooden_axe":6,"minecraft:crafting_table":1,"minecraft:bread":2},"minecraft:picked_up":{"minecraft:crafting_table":1,"minecraft:cooked_beef":13,"minecraft:leather":4,"minecraft:beef":7,"minecraft:porkchop":20,"minecraft:oak_log":56},"minecraft:custom":{"minecraft:time_since_rest":9350,"minecraft:play_time":9350,"minecraft:sprint_one_cm":28376,"minecraft:walk_one_cm":16776,"minecraft:mob_kills":13,"minecraft:jump":140,"minecraft:damage_dealt":1300,"minecraft:walk_on_water_one_cm":82,"minecraft:time_since_death":9350,"minecraft:total_world_time":9350,"minecraft:fall_one_cm":4087,"minecraft:interact_with_crafting_table":1,"minecraft:fly_one_cm":37741},"minecraft:killed":{"minecraft:pig":9,"minecraft:cow":4}},"DataVersion":3953}