{"stats":{"minecraft:killed":{"minecraft:skeleton":1,"minecraft:sheep":7,"minecraft:zombie":5,"minecraft:pig":16,"minecraft:creeper":1,"minecraft:cow":10},"minecraft:picked_up":{"minecraft:crafting_table":2,"minecraft:stick":2,"minecraft:raw_iron":30,"minecraft:cooked_beef":13,"minecraft:leather":12,"minecraft:torch":1,"minecraft:porkchop":34,"minecraft:oak_log":60,"minecraft:gunpowder":1,"minecraft:dirt":1,"minecraft:bone":1,"minecraft:rotten_flesh":3,"minecraft:diamond":3,"minecraft:cobbled_deepslate":11,"minecraft:beef":18,"minecraft:iron_ingot":3,"minecraft:oak_sapling":1,"minecraft:mutton":12,"minecraft:coal":19,"minecraft:white_wool":7,"minecraft:cobblestone":57},"minecraft:broken":{"minecraft:stone_axe":1},"minecraft:used":{"minecraft:wooden_axe":6,"minecraft:stone_sword":28,"minecraft:bread":13,"minecraft:stone_pickaxe":32,"minecraft:iron_pickaxe":77,"minecraft:stone_axe":94,"minecraft:torch":1,"minecraft:dirt":1,"minecraft:cobblestone":47,"minecraft:crafting_table":2,"minecraft:oak_sapling":1,"minecraft:cobbled_deepslate":8},"minecraft:custom":{"minecraft:time_since_rest":42496,"minecraft:sprint_one_cm":113171,"minecraft:damage_taken":392,"minecraft:walk_one_cm":72375,"minecraft:mob_kills":40,"minecraft:drop":3,"minecraft:damage_dealt":4340,"minecraft:swim_one_cm":6335,"minecraft:interact_with_crafting_table":2,"minecraft:fly_one_cm":118808,"minecraft:crouch_one_cm":6037,"minecraft:play_time":42496,"minecraft:sneak_time":2348,"minecraft:walk_under_water_one_cm":572,"minecraft:jump":659,"minecraft:walk_on_water_one_cm":3571,"minecraft:time_since_death":42496,"minecraft:total_world_time":42496,"minecraft:fall_one_cm":16634},"minecraft:dropped":{"minecraft:rotten_flesh":3,"minecraft:stone_pickaxe":1},"minecraft:mined":{"minecraft:deepslate_diamond_ore":3,"minecraft:iron_ore":30,"minecraft:crafting_table":2,"minecraft:torch":1,"minecraft:short_grass":9,"minecraft:coal_ore":19,"minecraft:grass_block":1,"minecraft:oak_log":60,"minecraft:cobblestone":4,"minecraft:stone":53,"minecraft:oak_leaves":10},"minecraft:crafted":{"minecraft:wooden_sword":1,"minecraft:oak_planks":32,"minecraft:crafting_table":1,"minecraft:stick":8,"minecraft:wooden_pickaxe":1,"minecraft:iron_pickaxe":1,"minecraft:wooden_axe":1}},"DataVersion":3953}